step,exp,game_name,algorithm_name,log_exp
0,0.3333333333333333,NFG-2,CFRPlus,-1.0986122886681098
1,0.3333333333333333,NFG-2,CFRPlus,-1.0986122886681098
2,0.6777777777777778,NFG-2,CFRPlus,-0.3889358061569538
3,0.3267273576097106,NFG-2,CFRPlus,-1.118629224641039
4,0.3711545737131768,NFG-2,CFRPlus,-0.9911366624090273
5,0.3395225461508663,NFG-2,CFRPlus,-1.0802149243184203
6,0.21444306632453972,NFG-2,CFRPlus,-1.5397110009059518
7,0.16338937168462284,NFG-2,CFRPlus,-1.8116191434414874
8,0.15845884272164348,NFG-2,CFRPlus,-1.8422603867555454
9,0.1655805245760168,NFG-2,CFRPlus,-1.7982976491643035
10,0.13790396665012822,NFG-2,CFRPlus,-1.9811977299110928
11,0.08727390090695125,NFG-2,CFRPlus,-2.438703819516898
12,0.032827825465865795,NFG-2,CFRPlus,-3.416478785852852
13,0.027943815149456014,NFG-2,CFRPlus,-3.5775593865346984
14,0.05063051894428844,NFG-2,CFRPlus,-2.9832007433137906
15,0.07341183820301347,NFG-2,CFRPlus,-2.6116700729466373
16,0.07580958167589297,NFG-2,CFRPlus,-2.5795305869888647
17,0.05744024325288494,NFG-2,CFRPlus,-2.8570101193471498
18,0.05865165894631083,NFG-2,CFRPlus,-2.836139418753084
19,0.05683058224840165,NFG-2,CFRPlus,-2.8676806782847737
20,0.06515386899927122,NFG-2,CFRPlus,-2.7310035911535158
21,0.05834353836929737,NFG-2,CFRPlus,-2.841406665553888
22,0.04272955155751457,NFG-2,CFRPlus,-3.152864524173819
23,0.02499270052208452,NFG-2,CFRPlus,-3.689171475864757
24,0.018391720233028902,NFG-2,CFRPlus,-3.995854702977266
25,0.0176929392639954,NFG-2,CFRPlus,-4.034589630627446
26,0.03438679694140068,NFG-2,CFRPlus,-3.370082598119638
27,0.04319604344017325,NFG-2,CFRPlus,-3.142006374959448
28,0.041948984821187696,NFG-2,CFRPlus,-3.171301046095049
29,0.030865108950412945,NFG-2,CFRPlus,-3.478128893240906
30,0.03527467729432579,NFG-2,CFRPlus,-3.344589929567861
31,0.034099890843998865,NFG-2,CFRPlus,-3.378461095753541
32,0.03865795308468953,NFG-2,CFRPlus,-3.253002753197322
33,0.03697318010075604,NFG-2,CFRPlus,-3.2975624913192263
34,0.030870495026537548,NFG-2,CFRPlus,-3.4779544047515643
35,0.022486620581110728,NFG-2,CFRPlus,-3.794834787480269
36,0.01489739007112284,NFG-2,CFRPlus,-4.206569244385445
37,0.013373051751449427,NFG-2,CFRPlus,-4.314513660253049
38,0.016288252747526072,NFG-2,CFRPlus,-4.117311121327366
39,0.02554147981997959,NFG-2,CFRPlus,-3.667451488788475
40,0.029834344425180986,NFG-2,CFRPlus,-3.512095051596887
41,0.028139341054791905,NFG-2,CFRPlus,-3.5705866442441305
42,0.02074755027477146,NFG-2,CFRPlus,-3.875327098322106
43,0.024933224491442113,NFG-2,CFRPlus,-3.691554047995836
44,0.02435565841465509,NFG-2,CFRPlus,-3.714991078023962
45,0.026508925937538674,NFG-2,CFRPlus,-3.6302737748720717
46,0.026763348788542446,NFG-2,CFRPlus,-3.620721909976833
47,0.023389167226033986,NFG-2,CFRPlus,-3.7554823028662265
48,0.01937817622743604,NFG-2,CFRPlus,-3.943607782859209
49,0.011273450090333648,NFG-2,CFRPlus,-4.485304867314435
50,0.011705033670709436,NFG-2,CFRPlus,-4.447736301434308
51,0.009041833466368276,NFG-2,CFRPlus,-4.705893308066518
52,0.014759732260598762,NFG-2,CFRPlus,-4.215852599500163
53,0.02032726053488304,NFG-2,CFRPlus,-3.895792410304245
54,0.02242070677063146,NFG-2,CFRPlus,-3.797770337721195
55,0.02054557103741897,NFG-2,CFRPlus,-3.8851098825614256
56,0.0160559756171961,NFG-2,CFRPlus,-4.131674186099361
57,0.019246219992268387,NFG-2,CFRPlus,-3.950440601568292
58,0.018742007745049027,NFG-2,CFRPlus,-3.976987871034991
59,0.019796192731303258,NFG-2,CFRPlus,-3.9222656460688428
60,0.02058077867185143,NFG-2,CFRPlus,-3.8833977129532617
61,0.018244925455166316,NFG-2,CFRPlus,-4.003868294869882
62,0.016196807650208006,NFG-2,CFRPlus,-4.122941114791536
63,0.011031924418186373,NFG-2,CFRPlus,-4.506961989657973
64,0.009655066513816896,NFG-2,CFRPlus,-4.640272474071335
65,0.008562614241916733,NFG-2,CFRPlus,-4.760349733361136
66,0.00854129727454167,NFG-2,CFRPlus,-4.762842377034122
67,0.01379400243284215,NFG-2,CFRPlus,-4.283521387603461
68,0.017013057906561907,NFG-2,CFRPlus,-4.073774117622384
69,0.017604469809988865,NFG-2,CFRPlus,-4.039602442705418
70,0.015397992426645662,NFG-2,CFRPlus,-4.173518139966531
71,0.013845864900434185,NFG-2,CFRPlus,-4.279768654073185
72,0.015715248696316436,NFG-2,CFRPlus,-4.153123783447935
73,0.014872832709774464,NFG-2,CFRPlus,-4.208219038348976
74,0.015862450549833207,NFG-2,CFRPlus,-4.1438005633722925
75,0.016462509606326142,NFG-2,CFRPlus,-4.106669628385124
76,0.014713345674966322,NFG-2,CFRPlus,-4.2190003280159605
77,0.013289342599264037,NFG-2,CFRPlus,-4.320792873299567
78,0.00955984838857582,NFG-2,CFRPlus,-4.650183410980166
79,0.007967916737083414,NFG-2,CFRPlus,-4.832332208417664
80,0.007462499522775751,NFG-2,CFRPlus,-4.897864864213067
81,0.005965185000842671,NFG-2,CFRPlus,-5.1218152095221345
82,0.009910441667126568,NFG-2,CFRPlus,-4.614166363810292
83,0.013105345293404957,NFG-2,CFRPlus,-4.33473509433526
84,0.014506666361965848,NFG-2,CFRPlus,-4.233146986106752
85,0.013844953809606875,NFG-2,CFRPlus,-4.2798344586156345
86,0.011189850218017744,NFG-2,CFRPlus,-4.492748142090359
87,0.012520196743914525,NFG-2,CFRPlus,-4.380412199063484
88,0.013137299002222824,NFG-2,CFRPlus,-4.332299842441468
89,0.011718003222189882,NFG-2,CFRPlus,-4.446628882881776
90,0.01343064079608311,NFG-2,CFRPlus,-4.3102165558039385
91,0.013478846963293017,NFG-2,CFRPlus,-4.3066337140041595
92,0.012102600538382385,NFG-2,CFRPlus,-4.41433492894408
93,0.010656515359337232,NFG-2,CFRPlus,-4.541583803052404
94,0.0074969180390682955,NFG-2,CFRPlus,-4.893263271018198
95,0.006742408602661731,NFG-2,CFRPlus,-4.999338058450239
96,0.006278389844090709,NFG-2,CFRPlus,-5.070641725629727
97,0.005113278951303479,NFG-2,CFRPlus,-5.2759144071059945
98,0.008019726537083577,NFG-2,CFRPlus,-4.825850955305552
99,0.010743473736517184,NFG-2,CFRPlus,-4.533456803042285
100,0.012135731753423279,NFG-2,CFRPlus,-4.41160114055665
101,0.011960474005426547,NFG-2,CFRPlus,-4.426147898684253
102,0.010211154017255253,NFG-2,CFRPlus,-4.584274625058065
103,0.010272806187752198,NFG-2,CFRPlus,-4.5782550511040965
104,0.011278406635965521,NFG-2,CFRPlus,-4.484865298566563
105,0.01067236480240169,NFG-2,CFRPlus,-4.540097607259508
106,0.010863808138909276,NFG-2,CFRPlus,-4.522318368584142
107,0.01161087897388488,NFG-2,CFRPlus,-4.455812777793119
108,0.010937064823512616,NFG-2,CFRPlus,-4.515597815654511
109,0.009874192078893312,NFG-2,CFRPlus,-4.617830786337578
110,0.008028658342645989,NFG-2,CFRPlus,-4.824737845599926
111,0.005494601210304401,NFG-2,CFRPlus,-5.203989266953126
112,0.005767394185688085,NFG-2,CFRPlus,-5.155534914736061
113,0.005046995826012757,NFG-2,CFRPlus,-5.288962098647782
114,0.0045742213695216805,NFG-2,CFRPlus,-5.387318787193309
115,0.007453170938343079,NFG-2,CFRPlus,-4.899115707837333
116,0.009523175121453342,NFG-2,CFRPlus,-4.654026964623617
117,0.010497921668694343,NFG-2,CFRPlus,-4.556577977725461
118,0.010218490679426984,NFG-2,CFRPlus,-4.583556388143419
119,0.00869974613855981,NFG-2,CFRPlus,-4.744461433223212
120,0.009029072836456126,NFG-2,CFRPlus,-4.707305592743256
121,0.00984044942876186,NFG-2,CFRPlus,-4.621253895306324
122,0.009355431401933234,NFG-2,CFRPlus,-4.671798205735338
123,0.00924779191034425,NFG-2,CFRPlus,-4.683370468349358
124,0.010025862466184365,NFG-2,CFRPlus,-4.602587277950417
125,0.009657539557296424,NFG-2,CFRPlus,-4.640016367413959
126,0.008657859782078947,NFG-2,CFRPlus,-4.749287725279569
127,0.007364371603974379,NFG-2,CFRPlus,-4.911101554639183
128,0.005041406920478497,NFG-2,CFRPlus,-5.290070084965629
129,0.005036179189278289,NFG-2,CFRPlus,-5.291107581765398
130,0.004684611713023423,NFG-2,CFRPlus,-5.3634722454833925
131,0.003970909407923634,NFG-2,CFRPlus,-5.528760140509612
132,0.005512937597574125,NFG-2,CFRPlus,-5.2006576585799325
133,0.007593395879804482,NFG-2,CFRPlus,-4.88047637264084
134,0.00888373857173222,NFG-2,CFRPlus,-4.723532800247836
135,0.00920541761362742,NFG-2,CFRPlus,-4.6879630971972
136,0.008495662735417825,NFG-2,CFRPlus,-4.768199512137512
137,0.007116181260415605,NFG-2,CFRPlus,-4.945384037269176
138,0.008406492988391273,NFG-2,CFRPlus,-4.778750896915552
139,0.008687915004067154,NFG-2,CFRPlus,-4.745822298979855
140,0.007913444831064681,NFG-2,CFRPlus,-4.839192088711455
141,0.00838876345562728,NFG-2,CFRPlus,-4.780862152484495
142,0.008818418289542967,NFG-2,CFRPlus,-4.730912757296752
143,0.008318410597948689,NFG-2,CFRPlus,-4.789284076298718
144,0.007426724903275728,NFG-2,CFRPlus,-4.902670311067726
145,0.006169731652746091,NFG-2,CFRPlus,-5.08809993427223
146,0.0041114080128897,NFG-2,CFRPlus,-5.493989726930275
147,0.004430208504863975,NFG-2,CFRPlus,-5.419308629471972
148,0.004080486545918638,NFG-2,CFRPlus,-5.501539046225309
149,0.0035643617963174723,NFG-2,CFRPlus,-5.636770260407525
150,0.004808879426809687,NFG-2,CFRPlus,-5.337291189404821
151,0.006618429942535753,NFG-2,CFRPlus,-5.017897105963434
152,0.007788362832452156,NFG-2,CFRPlus,-4.855124603901501
153,0.00816854453712726,NFG-2,CFRPlus,-4.807464533210774
154,0.007696171994427098,NFG-2,CFRPlus,-4.867032217320237
155,0.006416354176109307,NFG-2,CFRPlus,-5.048905207929449
156,0.0073633412458397884,NFG-2,CFRPlus,-4.911241475636663
157,0.0078062806121396155,NFG-2,CFRPlus,-4.852826662607012
158,0.007358324478231232,NFG-2,CFRPlus,-4.911923024572331
159,0.007149375600558089,NFG-2,CFRPlus,-4.940730254682859
160,0.007798852415202812,NFG-2,CFRPlus,-4.85377868236677
161,0.007664892170064108,NFG-2,CFRPlus,-4.871104834589784
162,0.00679836851483781,NFG-2,CFRPlus,-4.9910726198750694
163,0.006014451071637866,NFG-2,CFRPlus,-5.113590193630513
164,0.00451470900648418,NFG-2,CFRPlus,-5.400414544581304
165,0.0038722190133070322,NFG-2,CFRPlus,-5.553927547813363
166,0.003854617155160306,NFG-2,CFRPlus,-5.558483588140994
167,0.0032864443591237302,NFG-2,CFRPlus,-5.717949040535184
168,0.0031648494517981796,NFG-2,CFRPlus,-5.755649791089779
169,0.0049679136180312555,NFG-2,CFRPlus,-5.3047553221769945
170,0.006356784717327951,NFG-2,CFRPlus,-5.058232577052319
171,0.007158472294210572,NFG-2,CFRPlus,-4.939458687505869
172,0.007271260880781866,NFG-2,CFRPlus,-4.923825566328958
173,0.006668826347199203,NFG-2,CFRPlus,-5.010311394477521
174,0.005869994406193263,NFG-2,CFRPlus,-5.137901598090923
175,0.006813695661160191,NFG-2,CFRPlus,-4.98882062449776
176,0.007040403396339823,NFG-2,CFRPlus,-4.956089809837351
177,0.006515452015332934,NFG-2,CFRPlus,-5.03357869010094
178,0.006513457446997439,NFG-2,CFRPlus,-5.033884865895137
179,0.0070189404521928955,NFG-2,CFRPlus,-4.959143005071964
180,0.006862600448673789,NFG-2,CFRPlus,-4.981668834924099
181,0.006089198867021445,NFG-2,CFRPlus,-5.1012387548428055
182,0.005342436086857583,NFG-2,CFRPlus,-5.232073533995066
183,0.004033985712589783,NFG-2,CFRPlus,-5.513000381204088
184,0.0034583108974715338,NFG-2,CFRPlus,-5.6669749890326395
185,0.0034671212157818543,NFG-2,CFRPlus,-5.664430650161314
186,0.0030057376562633575,NFG-2,CFRPlus,-5.807232264825379
187,0.002908109858738017,NFG-2,CFRPlus,-5.8402519419164545
188,0.004230613310554965,NFG-2,CFRPlus,-5.46540830575915
189,0.005529670288429794,NFG-2,CFRPlus,-5.197627087570803
190,0.006352569145095299,NFG-2,CFRPlus,-5.0588959581231245
191,0.006603596430132197,NFG-2,CFRPlus,-5.020140864704898
192,0.006244520633856249,NFG-2,CFRPlus,-5.076050898341788
193,0.005305955546024893,NFG-2,CFRPlus,-5.238925401359564
194,0.006006532068641018,NFG-2,CFRPlus,-5.114907723827499
195,0.006422422253481885,NFG-2,CFRPlus,-5.04795993438914
196,0.006189522161536953,NFG-2,CFRPlus,-5.084897390493617
197,0.0055313579705765226,NFG-2,CFRPlus,-5.197321929294319
198,0.006225529905760557,NFG-2,CFRPlus,-5.079096714830946
199,0.006357154182071056,NFG-2,CFRPlus,-5.058174457417462
200,0.005934060324483625,NFG-2,CFRPlus,-5.127046591259615
201,0.0051827753827515255,NFG-2,CFRPlus,-5.262414578018011
202,0.004308739803319417,NFG-2,CFRPlus,-5.447109806641501
203,0.0029400857585653306,NFG-2,CFRPlus,-5.829316528476926
204,0.0031753839506576953,NFG-2,CFRPlus,-5.752326724607839
205,0.0030106666277915917,NFG-2,CFRPlus,-5.805593753715334
206,0.0027435602244604562,NFG-2,CFRPlus,-5.898498850016565
207,0.002866608628748435,NFG-2,CFRPlus,-5.854625610381163
208,0.0042381951592809775,NFG-2,CFRPlus,-5.463617770342356
209,0.005280382043123505,NFG-2,CFRPlus,-5.243756827229404
210,0.005886407387936693,NFG-2,CFRPlus,-5.135109418528812
211,0.0059869352192356284,NFG-2,CFRPlus,-5.118175647335372
212,0.00556250623628024,NFG-2,CFRPlus,-5.191706510361374
213,0.004806047249982265,NFG-2,CFRPlus,-5.337880310259205
214,0.005612771695551355,NFG-2,CFRPlus,-5.182710618078519
215,0.005897552478385082,NFG-2,CFRPlus,-5.1332178483099815
216,0.005618745006181786,NFG-2,CFRPlus,-5.181646948522174
217,0.0050998265138967325,NFG-2,CFRPlus,-5.2785487567134375
218,0.0056927881756448084,NFG-2,CFRPlus,-5.168555137566864
219,0.005798611271105397,NFG-2,CFRPlus,-5.150136826115454
220,0.005424261678564579,NFG-2,CFRPlus,-5.216873484934659
221,0.004699478344194763,NFG-2,CFRPlus,-5.360303767022896
222,0.003937083566457028,NFG-2,CFRPlus,-5.537315041323266
223,0.002740676900191391,NFG-2,CFRPlus,-5.899550345226998
224,0.0028778690258557393,NFG-2,CFRPlus,-5.850705180289228
225,0.0027661417103821417,NFG-2,CFRPlus,-5.890301814086589
226,0.0025495991494794146,NFG-2,CFRPlus,-5.971819128451015
227,0.0024354245659430063,NFG-2,CFRPlus,-6.017634177916288
228,0.003648554435210144,NFG-2,CFRPlus,-5.613424234982236
229,0.004651155332540735,NFG-2,CFRPlus,-5.370639631632691
230,0.0052933109537113,NFG-2,CFRPlus,-5.241311339728488
231,0.00550734886722945,NFG-2,CFRPlus,-5.201671920929941
232,0.00526464958810155,NFG-2,CFRPlus,-5.246740690577545
233,0.004582828151251217,NFG-2,CFRPlus,-5.385438971157696
234,0.004986126413470071,NFG-2,CFRPlus,-5.30109594051784
235,0.005408552348586226,NFG-2,CFRPlus,-5.219773809993516
236,0.005341293119703938,NFG-2,CFRPlus,-5.232287498077439
237,0.004797298195469507,NFG-2,CFRPlus,-5.339702395486279
238,0.00503692111627399,NFG-2,CFRPlus,-5.2909602731961325
239,0.0053340432696998286,NFG-2,CFRPlus,-5.233645741200506
240,0.005203286379930894,NFG-2,CFRPlus,-5.258464856879656
241,0.004671635184446604,NFG-2,CFRPlus,-5.366246122025891
242,0.003999752831269271,NFG-2,CFRPlus,-5.521522711954144
243,0.0031229151780918507,NFG-2,CFRPlus,-5.768988361443305
244,0.0025407589933852115,NFG-2,CFRPlus,-5.975292426294998
245,0.00262399206951075,NFG-2,CFRPlus,-5.943058430194973
246,0.002395117792240997,NFG-2,CFRPlus,-6.03432286676459
247,0.002349259907302448,NFG-2,CFRPlus,-6.053654933490689
248,0.002599761084117358,NFG-2,CFRPlus,-5.952335728901005
249,0.0036735650488894656,NFG-2,CFRPlus,-5.606592685455039
250,0.004488031602202541,NFG-2,CFRPlus,-5.406341069297553
251,0.004966670134085249,NFG-2,CFRPlus,-5.305005656561107
252,0.005059614093958192,NFG-2,CFRPlus,-5.286465064607331
253,0.004751680620109666,NFG-2,CFRPlus,-5.34925690875334
254,0.004067074139089022,NFG-2,CFRPlus,-5.504831422793889
255,0.00473228873342571,NFG-2,CFRPlus,-5.353346317520009
256,0.005037613904320559,NFG-2,CFRPlus,-5.290822740685451
257,0.004907790857684086,NFG-2,CFRPlus,-5.316931365575217
258,0.00436351769572807,NFG-2,CFRPlus,-5.434476735971384
259,0.004683992772687023,NFG-2,CFRPlus,-5.363604376226716
260,0.004927162592517104,NFG-2,CFRPlus,-5.312991995656893
261,0.00479377108678658,NFG-2,CFRPlus,-5.340437894050231
262,0.004308032498167524,NFG-2,CFRPlus,-5.447273976037821
263,0.0036565335970547286,NFG-2,CFRPlus,-5.611239684985696
264,0.0028669578017912756,NFG-2,CFRPlus,-5.854503810783129
265,0.002323561544467917,NFG-2,CFRPlus,-6.064654121962227
266,0.002410418953630311,NFG-2,CFRPlus,-6.0279547069073125
267,0.002227227585243019,NFG-2,CFRPlus,-6.1069977022852955
268,0.0022044827764238217,NFG-2,CFRPlus,-6.117262366114099
269,0.002259688013511646,NFG-2,CFRPlus,-6.092528522346064
270,0.0032583884249654804,NFG-2,CFRPlus,-5.72652255400396
271,0.004040398201860862,NFG-2,CFRPlus,-5.511412027049226
272,0.004536275688340224,NFG-2,CFRPlus,-5.395648936550802
273,0.004697820735626718,NFG-2,CFRPlus,-5.360656551066727
274,0.004505014830692239,NFG-2,CFRPlus,-5.402564095875703
275,0.003970593638875891,NFG-2,CFRPlus,-5.528839664258719
276,0.004268486371799524,NFG-2,CFRPlus,-5.456495994256617
277,0.004651758310327464,NFG-2,CFRPlus,-5.37050999960326
278,0.0046531579312733,NFG-2,CFRPlus,-5.3702091648788945
279,0.004274123468403973,NFG-2,CFRPlus,-5.455176234246947
280,0.004171177371185247,NFG-2,CFRPlus,-5.479556939812879
281,0.004522539427756156,NFG-2,CFRPlus,-5.398681622599901
282,0.004539878932012659,NFG-2,CFRPlus,-5.394854934242014
283,0.004231809678134246,NFG-2,CFRPlus,-5.465125557522894
284,0.0036347024723047128,NFG-2,CFRPlus,-5.617228022156873
285,0.00300767899431692,NFG-2,CFRPlus,-5.806586595904095
286,0.0021382339462744093,NFG-2,CFRPlus,-6.14777504941212
287,0.0022136311252622665,NFG-2,CFRPlus,-6.113121068666006
288,0.0021677709501283227,NFG-2,CFRPlus,-6.134055851295939
289,0.002097449379208971,NFG-2,CFRPlus,-6.167033253783521
290,0.002022052329867463,NFG-2,CFRPlus,-6.2036422784677745
291,0.0024970697421679844,NFG-2,CFRPlus,-5.992637337690892
292,0.003336460915059125,NFG-2,CFRPlus,-5.702844640042853
293,0.003957655502044549,NFG-2,CFRPlus,-5.532103473981802
294,0.004306133341013374,NFG-2,CFRPlus,-5.44771491419025
295,0.004347855827427999,NFG-2,CFRPlus,-5.4380724686381505
296,0.004074506110523124,NFG-2,CFRPlus,-5.503005739506235
297,0.003553947985827116,NFG-2,CFRPlus,-5.6396961847458815
298,0.004127127375045225,NFG-2,CFRPlus,-5.490173664853411
299,0.004386089949608513,NFG-2,CFRPlus,-5.42931712085006
300,0.004299013179229372,NFG-2,CFRPlus,-5.449369775822687
301,0.003878450602132849,NFG-2,CFRPlus,-5.552319534447355
302,0.003965864020281457,NFG-2,CFRPlus,-5.530031535836051
303,0.004235842571585768,NFG-2,CFRPlus,-5.464173016337328
304,0.004207021899071128,NFG-2,CFRPlus,-5.471000268998395
305,0.0038904510436973405,NFG-2,CFRPlus,-5.549230178536818
306,0.003320515528482365,NFG-2,CFRPlus,-5.7076352284450165
307,0.0027092521984077578,NFG-2,CFRPlus,-5.9110826237163545
308,0.0018954084040437025,NFG-2,CFRPlus,-6.268320947022371
309,0.0020523001917475137,NFG-2,CFRPlus,-6.188794070098669
310,0.001998297713672159,NFG-2,CFRPlus,-6.2154596040141215
311,0.0019774547359007466,NFG-2,CFRPlus,-6.22594474814158
312,0.0019018415726371196,NFG-2,CFRPlus,-6.264932613471642
313,0.0023045284970986124,NFG-2,CFRPlus,-6.072879180031345
314,0.003078976179192533,NFG-2,CFRPlus,-5.783158146609963
315,0.003661085034842887,NFG-2,CFRPlus,-5.60999571789639
316,0.0040019592476013,NFG-2,CFRPlus,-5.520971225880613
317,0.004070015582146619,NFG-2,CFRPlus,-5.504108450997709
318,0.003855488048048583,NFG-2,CFRPlus,-5.558257678670493
319,0.003372978964062967,NFG-2,CFRPlus,-5.691958959488046
320,0.0038111732953237942,NFG-2,CFRPlus,-5.569818185722312
321,0.004098067980093989,NFG-2,CFRPlus,-5.497239640700288
322,0.004075629382642942,NFG-2,CFRPlus,-5.502730094487113
323,0.003747615867432136,NFG-2,CFRPlus,-5.586635409871192
324,0.0036041631427099485,NFG-2,CFRPlus,-5.625665673137943
325,0.003920447314592346,NFG-2,CFRPlus,-5.541549520824521
326,0.003969719257686938,NFG-2,CFRPlus,-5.529059902731403
327,0.0037552807021422885,NFG-2,CFRPlus,-5.584592242327697
328,0.0033015444488372625,NFG-2,CFRPlus,-5.7133649051952995
329,0.0027069090901534476,NFG-2,CFRPlus,-5.911947852159766
330,0.002034737220437205,NFG-2,CFRPlus,-6.197388598431863
331,0.0018738801335452526,NFG-2,CFRPlus,-6.279744060101026
332,0.0018984374122495984,NFG-2,CFRPlus,-6.266724145783641
333,0.0018750810200507118,NFG-2,CFRPlus,-6.279103409799605
334,0.0018370045089621256,NFG-2,CFRPlus,-6.2996190182273235
335,0.0017930743375212943,NFG-2,CFRPlus,-6.323823625362864
336,0.0025666183724512848,NFG-2,CFRPlus,-5.965166054895701
337,0.003191613782001973,NFG-2,CFRPlus,-5.747228602328551
338,0.00361912070715234,NFG-2,CFRPlus,-5.621524181225796
339,0.00381306059768749,NFG-2,CFRPlus,-5.569323105841834
340,0.0037544876050000786,NFG-2,CFRPlus,-5.584803459801451
341,0.003444699903283527,NFG-2,CFRPlus,-5.670918489113921
342,0.003322273665083225,NFG-2,CFRPlus,-5.707105891568387
343,0.0037370493934409943,NFG-2,CFRPlus,-5.589458911161539
344,0.003885794567480033,NFG-2,CFRPlus,-5.550427794200391
345,0.0037517486800240085,NFG-2,CFRPlus,-5.585533233017648
346,0.0033515300565186423,NFG-2,CFRPlus,-5.698338304126915
347,0.0035065152234644292,NFG-2,CFRPlus,-5.653132548498251
348,0.00371967420119515,NFG-2,CFRPlus,-5.594119194856347
349,0.0036905328527210013,NFG-2,CFRPlus,-5.601984426823595
350,0.003427729424845871,NFG-2,CFRPlus,-5.675857212270251
351,0.002957549555141298,NFG-2,CFRPlus,-5.8233942064985
352,0.002377515220909232,NFG-2,CFRPlus,-6.041699361500351
353,0.0017086888186396976,NFG-2,CFRPlus,-6.372028975313456
354,0.001767457799392469,NFG-2,CFRPlus,-6.338213036352713
355,0.0017515539549792791,NFG-2,CFRPlus,-6.347251910788763
356,0.0017785826816008043,NFG-2,CFRPlus,-6.3319384781422805
357,0.0017249989796959964,NFG-2,CFRPlus,-6.362528819979571
358,0.0017946206486367522,NFG-2,CFRPlus,-6.3229616171837
359,0.0024927856002307236,NFG-2,CFRPlus,-5.994354478848687
360,0.0030507760998272626,NFG-2,CFRPlus,-5.792359261772249
361,0.0034260995492586543,NFG-2,CFRPlus,-5.67633282250917
362,0.003587940683667412,NFG-2,CFRPlus,-5.63017686678751
363,0.0035207481925254025,NFG-2,CFRPlus,-5.649081757263963
364,0.0032267629179448254,NFG-2,CFRPlus,-5.736275836865087
365,0.003154449072777038,NFG-2,CFRPlus,-5.758941418592801
366,0.0035329848617343396,NFG-2,CFRPlus,-5.645612195433347
367,0.0036692591990776513,NFG-2,CFRPlus,-5.607765490403096
368,0.0035484617820853437,NFG-2,CFRPlus,-5.641241070217769
369,0.003184898641131223,NFG-2,CFRPlus,-5.749334814285051
370,0.00327659188774998,NFG-2,CFRPlus,-5.720951455394525
371,0.0034916872047010827,NFG-2,CFRPlus,-5.657370219844714
372,0.0034871643164836874,NFG-2,CFRPlus,-5.658666389805314
373,0.0032688747394313267,NFG-2,CFRPlus,-5.723309469676461
374,0.002858421272209505,NFG-2,CFRPlus,-5.857485809283919
375,0.0022928705407718464,NFG-2,CFRPlus,-6.077950735151212
376,0.0017024252049140376,NFG-2,CFRPlus,-6.3757014534084355
377,0.001637476379489522,NFG-2,CFRPlus,-6.414599015298128
378,0.0016556160164512002,NFG-2,CFRPlus,-6.403582124029702
379,0.0016930912722632752,NFG-2,CFRPlus,-6.381199265728925
380,0.0016563770294833746,NFG-2,CFRPlus,-6.403122574124244
381,0.0015468528641661705,NFG-2,CFRPlus,-6.471532822343599
382,0.002182249847619583,NFG-2,CFRPlus,-6.1273988941760225
383,0.0027395689613148866,NFG-2,CFRPlus,-5.899954684345935
384,0.003141147576024933,NFG-2,CFRPlus,-5.763167075758259
385,0.0033559378115568528,NFG-2,CFRPlus,-5.697024021074241
386,0.003365423018695357,NFG-2,CFRPlus,-5.694201612435681
387,0.0031661396442366485,NFG-2,CFRPlus,-5.755242211030246
388,0.002810404670528399,NFG-2,CFRPlus,-5.874426795140853
389,0.003236151225811612,NFG-2,CFRPlus,-5.733370548550368
390,0.0034521158307233846,NFG-2,CFRPlus,-5.668767951653164
391,0.003435605075992193,NFG-2,CFRPlus,-5.673562218604384
392,0.003188880374935227,NFG-2,CFRPlus,-5.748085403437284
393,0.002932280534969023,NFG-2,CFRPlus,-5.831974819122456
394,0.003224154225731579,NFG-2,CFRPlus,-5.737084618716518
395,0.003318970008735045,NFG-2,CFRPlus,-5.708100782520425
396,0.0032144450259278257,NFG-2,CFRPlus,-5.740100556433322
397,0.002922990200823178,NFG-2,CFRPlus,-5.835148145296834
398,0.0024698224336999752,NFG-2,CFRPlus,-6.003609020116697
399,0.001913194071463814,NFG-2,CFRPlus,-6.258981144916951
400,0.001460606678367643,NFG-2,CFRPlus,-6.528903396443351
401,0.0015592308818532241,NFG-2,CFRPlus,-6.463562603750271
402,0.0016032421717023515,NFG-2,CFRPlus,-6.435727342715131
403,0.0016078598955041323,NFG-2,CFRPlus,-6.4328512416829815
404,0.0015442624974193742,NFG-2,CFRPlus,-6.473208830547855
405,0.0016599870761985491,NFG-2,CFRPlus,-6.400945462066553
406,0.002252650908254411,NFG-2,CFRPlus,-6.095647574830496
407,0.0027270404448644647,NFG-2,CFRPlus,-5.904538343961904
408,0.003049255874423812,NFG-2,CFRPlus,-5.792857693728455
409,0.0031945767828538973,NFG-2,CFRPlus,-5.746300662257097
410,0.003150126465552544,NFG-2,CFRPlus,-5.760312679156039
411,0.0029167581995092895,NFG-2,CFRPlus,-5.83728248508425
412,0.0027864299210303145,NFG-2,CFRPlus,-5.882994100730719
413,0.0031386246192668388,NFG-2,CFRPlus,-5.76397059436224
414,0.003291789037492998,NFG-2,CFRPlus,-5.71632408160683
415,0.0032303354702802045,NFG-2,CFRPlus,-5.735169286372862
416,0.002961087832086623,NFG-2,CFRPlus,-5.822198567321661
417,0.0028290125164127378,NFG-2,CFRPlus,-5.867827562348444
418,0.003074226246380346,NFG-2,CFRPlus,-5.784702036580473
419,0.0031381355778941633,NFG-2,CFRPlus,-5.764126420412082
420,0.003020349902626729,NFG-2,CFRPlus,-5.802382592509888
421,0.002733366348994737,NFG-2,CFRPlus,-5.9022213345524746
422,0.002300820851286939,NFG-2,CFRPlus,-6.074489327853899
423,0.0017556971252082332,NFG-2,CFRPlus,-6.344889278595343
424,0.001382011618473511,NFG-2,CFRPlus,-6.584215146672351
425,0.0014699662453610263,NFG-2,CFRPlus,-6.5225158407945685
426,0.0015339443468764535,NFG-2,CFRPlus,-6.479912856436754
427,0.001534679720906068,NFG-2,CFRPlus,-6.479433570589125
428,0.001472310735707888,NFG-2,CFRPlus,-6.52092218332578
429,0.001556467588419097,NFG-2,CFRPlus,-6.465336391672953
430,0.002111820569150824,NFG-2,CFRPlus,-6.160204874535675
431,0.0025604091522837547,NFG-2,CFRPlus,-5.967588208150497
432,0.0028712538539295007,NFG-2,CFRPlus,-5.853006461713891
433,0.0030213930468698247,NFG-2,CFRPlus,-5.802037280151457
434,0.0029982313286344153,NFG-2,CFRPlus,-5.809732721293025
435,0.0028012465280246868,NFG-2,CFRPlus,-5.877690772287768
436,0.0025982526917276982,NFG-2,CFRPlus,-5.952916101519103
437,0.00294963415284738,NFG-2,CFRPlus,-5.826074132304965
438,0.003121427622538253,NFG-2,CFRPlus,-5.769464810488219
439,0.0030967486144123924,NFG-2,CFRPlus,-5.777402551962893
440,0.0028783718487118415,NFG-2,CFRPlus,-5.850530475002101
441,0.002611516243287426,NFG-2,CFRPlus,-5.947824290200151
442,0.00287665776248755,NFG-2,CFRPlus,-5.8511261578710965
443,0.002977285357097459,NFG-2,CFRPlus,-5.816743347629709
444,0.002910043584743699,NFG-2,CFRPlus,-5.839587220335744
445,0.002683285218990916,NFG-2,CFRPlus,-5.920713407191372
446,0.0023157978172745897,NFG-2,CFRPlus,-6.06800102132278
447,0.0018347206881440814,NFG-2,CFRPlus,-6.300863022606721
448,0.001280231825616318,NFG-2,CFRPlus,-6.66071410368698
449,0.0013781362076139558,NFG-2,CFRPlus,-6.587023266853139
450,0.0014559348472230893,NFG-2,CFRPlus,-6.532107077995194
451,0.0014753107469540339,NFG-2,CFRPlus,-6.518886635478365
452,0.0014358056404893682,NFG-2,CFRPlus,-6.546029165365081
453,0.0013389355776901868,NFG-2,CFRPlus,-6.615880325685808
454,0.0018014678863488287,NFG-2,CFRPlus,-6.319153453997278
455,0.002265782949502554,NFG-2,CFRPlus,-6.0898349067087505
456,0.0026147574089022407,NFG-2,CFRPlus,-5.946583954830808
457,0.0028241685041713316,NFG-2,CFRPlus,-5.869541292515332
458,0.002878185371384734,NFG-2,CFRPlus,-5.850595262798016
459,0.002771156347822573,NFG-2,CFRPlus,-5.888490591805033
460,0.0025086322212005407,NFG-2,CFRPlus,-5.988017606160349
461,0.002664446871679882,NFG-2,CFRPlus,-5.92775879574697
462,0.0029135269644010586,NFG-2,CFRPlus,-5.838390916438196
463,0.0029871836619565773,NFG-2,CFRPlus,-5.813424254542142
464,0.002878420971554302,NFG-2,CFRPlus,-5.850513408957171
465,0.002598078014818178,NFG-2,CFRPlus,-5.95298333238621
466,0.00260440622635863,NFG-2,CFRPlus,-5.950550565896918
467,0.0027911189936197234,NFG-2,CFRPlus,-5.881312690575152
468,0.002823777878257744,NFG-2,CFRPlus,-5.86967961745249
469,0.002703482837744381,NFG-2,CFRPlus,-5.913214397324236
470,0.0024414831061765896,NFG-2,CFRPlus,-6.015149593930861
471,0.002057763275352259,NFG-2,CFRPlus,-6.18613567474015
472,0.0015790456423382948,NFG-2,CFRPlus,-6.450934638275673
473,0.001244547511924654,NFG-2,CFRPlus,-6.688983259364556
474,0.0013529636123431055,NFG-2,CFRPlus,-6.605457824210492
475,0.0014082239325600154,NFG-2,CFRPlus,-6.565425990880911
476,0.0014086951537678194,NFG-2,CFRPlus,-6.565091425919861
477,0.001354570621053458,NFG-2,CFRPlus,-6.604270759700476
478,0.0013254452307855658,NFG-2,CFRPlus,-6.626006852752726
479,0.0018238165987027322,NFG-2,CFRPlus,-6.306823941342218
480,0.0022371145360412237,NFG-2,CFRPlus,-6.1025683970511855
481,0.002538711220726325,NFG-2,CFRPlus,-5.9760987201341225
482,0.0027079906788963493,NFG-2,CFRPlus,-5.911548365999942
483,0.0027322243094403398,NFG-2,CFRPlus,-5.902639236163623
484,0.0026080334418538687,NFG-2,CFRPlus,-5.949158812203214
485,0.0023421307932054436,NFG-2,CFRPlus,-6.056694168566052
486,0.002587349626139046,NFG-2,CFRPlus,-5.957121237581238
487,0.0028001993172352413,NFG-2,CFRPlus,-5.878064679607619
488,0.002848984138220184,NFG-2,CFRPlus,-5.860792790972147
489,0.002729233297952355,NFG-2,CFRPlus,-5.903734552470012
490,0.0024524036493485946,NFG-2,CFRPlus,-6.010686654004513
491,0.0024938427492988413,NFG-2,CFRPlus,-5.993930485316442
492,0.002662063974285589,NFG-2,CFRPlus,-5.928653526884171
493,0.0026878237231192093,NFG-2,CFRPlus,-5.919023437668367
494,0.002572381312541755,NFG-2,CFRPlus,-5.962923228330421
495,0.002326094055998207,NFG-2,CFRPlus,-6.063564788902604
496,0.0019671637598424607,NFG-2,CFRPlus,-6.23116248943488
497,0.0015198740079286066,NFG-2,CFRPlus,-6.489127837080131
498,0.001195019002277753,NFG-2,CFRPlus,-6.729593192237431
499,0.0012980942467187007,NFG-2,CFRPlus,-6.6468580541538005
500,0.0013515293227308878,NFG-2,CFRPlus,-6.606518496048887
501,0.0013537928103456165,NFG-2,CFRPlus,-6.6048451366250855
502,0.0013050325339760416,NFG-2,CFRPlus,-6.641527308268394
503,0.001209759328485216,NFG-2,CFRPlus,-6.717333841235463
504,0.0016849846651957878,NFG-2,CFRPlus,-6.385998815993237
505,0.0020848576855765633,NFG-2,CFRPlus,-6.173054682379136
506,0.002384480531613248,NFG-2,CFRPlus,-6.0387739848165705
507,0.0025641346969413337,NFG-2,CFRPlus,-5.966134207395094
508,0.0026109701281199493,NFG-2,CFRPlus,-5.948033430111921
509,0.0025203701045872495,NFG-2,CFRPlus,-5.983349521342991
510,0.0022967258499600463,NFG-2,CFRPlus,-6.076270713743327
511,0.0024149243028866174,NFG-2,CFRPlus,-6.026087336929259
512,0.002646322337447521,NFG-2,CFRPlus,-5.934584400056026
513,0.0027283113236044043,NFG-2,CFRPlus,-5.904072423956424
514,0.0026535135970310597,NFG-2,CFRPlus,-5.931870631522131
515,0.0024288996364974225,NFG-2,CFRPlus,-6.020316948672307
516,0.0023086108272986072,NFG-2,CFRPlus,-6.071109308809791
517,0.002505203730499561,NFG-2,CFRPlus,-5.989385218211634
518,0.0025712365167863682,NFG-2,CFRPlus,-5.963368360846979
519,0.0025050960712256765,NFG-2,CFRPlus,-5.989428193394023
520,0.0023135976592097707,NFG-2,CFRPlus,-6.068951537752687
521,0.002011079316981912,NFG-2,CFRPlus,-6.209083727407057
522,0.0016179652248164422,NFG-2,CFRPlus,-6.426585953273692
523,0.0011590527059457678,NFG-2,CFRPlus,-6.760152240295452
524,0.0012182833293511997,NFG-2,CFRPlus,-6.710312518230981
525,0.0012864002067967117,NFG-2,CFRPlus,-6.655907498783435
526,0.00130693285805919,NFG-2,CFRPlus,-6.640072216693109
527,0.0012794565463052077,NFG-2,CFRPlus,-6.661319864406388
528,0.0012050692440769006,NFG-2,CFRPlus,-6.721218249726276
529,0.0014082892138896352,NFG-2,CFRPlus,-6.565379634747467
530,0.0018208257370405656,NFG-2,CFRPlus,-6.308465179114275
531,0.0021508411341569222,NFG-2,CFRPlus,-6.14189628816192
532,0.0023777874271808386,NFG-2,CFRPlus,-6.04158487613862
533,0.002486607336892488,NFG-2,CFRPlus,-5.996836012877728
534,0.0024691169427776827,NFG-2,CFRPlus,-6.003894705310748
535,0.0023249825404965674,NFG-2,CFRPlus,-6.064042749434855
536,0.002140545189188492,NFG-2,CFRPlus,-6.146694721091493
537,0.0024287365929806237,NFG-2,CFRPlus,-6.020384077419359
538,0.002587037396385411,NFG-2,CFRPlus,-5.957241920380053
539,0.0026017526439650607,NFG-2,CFRPlus,-5.9515699672211815
540,0.0024716433552633976,NFG-2,CFRPlus,-6.0028720235559145
541,0.0022082806397091814,NFG-2,CFRPlus,-6.115541057326412
542,0.0022888841752147226,NFG-2,CFRPlus,-6.07969083989715
543,0.002430694591033844,NFG-2,CFRPlus,-6.019578222542507
544,0.002449780061812512,NFG-2,CFRPlus,-6.011757029143902
545,0.0023473304383138938,NFG-2,CFRPlus,-6.054476580240827
546,0.0021319559167351787,NFG-2,CFRPlus,-6.150715449845791
547,0.001818706825306854,NFG-2,CFRPlus,-6.309629565989137
548,0.001427692867379815,NFG-2,CFRPlus,-6.551695517063196
549,0.0011022717026230866,NFG-2,CFRPlus,-6.810382044536448
550,0.0011974659355470652,NFG-2,CFRPlus,-6.72754767539106
551,0.0012491484123509922,NFG-2,CFRPlus,-6.685293229957074
552,0.0012559061532228522,NFG-2,CFRPlus,-6.6798979324993315
553,0.0012177597089632342,NFG-2,CFRPlus,-6.710742412438755
554,0.0011361308790158453,NFG-2,CFRPlus,-6.780126754918114
555,0.0014315841403734764,NFG-2,CFRPlus,-6.548973657386439
556,0.0018072907054607068,NFG-2,CFRPlus,-6.315926402912032
557,0.0021023870364051955,NFG-2,CFRPlus,-6.164681895786413
558,0.002298796977845685,NFG-2,CFRPlus,-6.0753693459976015
559,0.002383662072617171,NFG-2,CFRPlus,-6.039117287889507
560,0.0023505265145595533,NFG-2,CFRPlus,-6.053115927172496
561,0.002200129904644743,NFG-2,CFRPlus,-6.1192388727953135
562,0.002093327646555343,NFG-2,CFRPlus,-6.169000303787519
563,0.002352742774939437,NFG-2,CFRPlus,-6.052173493130343
564,0.0024891064298328547,NFG-2,CFRPlus,-5.995831496433386
565,0.002490912035784776,NFG-2,CFRPlus,-5.9951063561378195
566,0.0023580475959410763,NFG-2,CFRPlus,-6.049921292193199
567,0.002101936688466255,NFG-2,CFRPlus,-6.164896126644992
568,0.0021967532332259065,NFG-2,CFRPlus,-6.1207748117669825
569,0.0023278530524548646,NFG-2,CFRPlus,-6.062808872902949
570,0.002344623547484187,NFG-2,CFRPlus,-6.055630424092757
571,0.002248193349944999,NFG-2,CFRPlus,-6.09762834088731
572,0.002046429054536947,NFG-2,CFRPlus,-6.191658929362774
573,0.0017530645253091282,NFG-2,CFRPlus,-6.346389865215534
574,0.0013864723605162,NFG-2,CFRPlus,-6.580992627823187
575,0.0010603034795530208,NFG-2,CFRPlus,-6.849200110369491
576,0.0011521025399891804,NFG-2,CFRPlus,-6.766166710262354
577,0.0012030452430955296,NFG-2,CFRPlus,-6.722899234138566
578,0.0012117657114576463,NFG-2,CFRPlus,-6.715676717399473
579,0.0011782280988423821,NFG-2,CFRPlus,-6.743743580203013
580,0.0011036918987623046,NFG-2,CFRPlus,-6.809094447284581
581,0.0013208534880835843,NFG-2,CFRPlus,-6.629477169446358
582,0.0016846358413197537,NFG-2,CFRPlus,-6.386205856445779
583,0.001976005359052402,NFG-2,CFRPlus,-6.226677967589085
584,0.0021776986500087747,NFG-2,CFRPlus,-6.129486624921632
585,0.002277016276539562,NFG-2,CFRPlus,-6.084889343687364
586,0.0022669218838641536,NFG-2,CFRPlus,-6.089332365984199
587,0.002146821439059088,NFG-2,CFRPlus,-6.1437669311924195
588,0.0019472997340562737,NFG-2,CFRPlus,-6.241311617827246
589,0.0022154283644719164,NFG-2,CFRPlus,-6.112309501644853
590,0.002372104596843727,NFG-2,CFRPlus,-6.04397770234176
591,0.0024045680247275214,NFG-2,CFRPlus,-6.03038500705512
592,0.0023101210552574636,NFG-2,CFRPlus,-6.070455350948161
593,0.0020966856892135344,NFG-2,CFRPlus,-6.1673974242222025
594,0.002048975821896809,NFG-2,CFRPlus,-6.190415209747747
595,0.002204484457839384,NFG-2,CFRPlus,-6.117261603388738
596,0.002254287311335368,NFG-2,CFRPlus,-6.094921404169556
597,0.0021973573179573935,NFG-2,CFRPlus,-6.120499859770097
598,0.0020389636679509493,NFG-2,CFRPlus,-6.195313606111127
599,0.001790033397665619,NFG-2,CFRPlus,-6.3255210013897765
600,0.0014661405872913313,NFG-2,CFRPlus,-6.5251217815540326
601,0.0010862897053098841,NFG-2,CFRPlus,-6.824987329408391
602,0.0010849393594641321,NFG-2,CFRPlus,-6.8262311834464215
603,0.001147889769230026,NFG-2,CFRPlus,-6.769830005529434
604,0.0011713758887814119,NFG-2,CFRPlus,-6.749576247770036
605,0.001154914828552206,NFG-2,CFRPlus,-6.763728679240661
606,0.0010992311885400508,NFG-2,CFRPlus,-6.813144263044961
607,0.001094195018900096,NFG-2,CFRPlus,-6.817736328620457
608,0.001463340433568161,NFG-2,CFRPlus,-6.527033488478245
609,0.0017733925886538326,NFG-2,CFRPlus,-6.334860850200534
610,0.0020068250751071603,NFG-2,CFRPlus,-6.211201370361898
611,0.002149751008842571,NFG-2,CFRPlus,-6.142403253389708
612,0.00219299277615545,NFG-2,CFRPlus,-6.122488103598574
613,0.0021329401152086203,NFG-2,CFRPlus,-6.150253915269783
614,0.0019720487715991497,NFG-2,CFRPlus,-6.228682291059275
615,0.0020057591805714148,NFG-2,CFRPlus,-6.211732646214514
616,0.0022136101063565117,NFG-2,CFRPlus,-6.11313056392712
617,0.0023105453876756943,NFG-2,CFRPlus,-6.070271683754407
618,0.0022887618248471353,NFG-2,CFRPlus,-6.079744295480048
619,0.002150044125671019,NFG-2,CFRPlus,-6.142266913485256
620,0.0019055774906601985,NFG-2,CFRPlus,-6.2629701716390285
621,0.0020354276105737923,NFG-2,CFRPlus,-6.197049354115295
622,0.0021456717152218974,NFG-2,CFRPlus,-6.144302621675018
623,0.0021559722308231444,NFG-2,CFRPlus,-6.139513505970493
624,0.0020675004114533713,NFG-2,CFRPlus,-6.181414932056352
625,0.0018870206273517987,NFG-2,CFRPlus,-6.272756081361459
626,0.0016261862160746876,NFG-2,CFRPlus,-6.421517750382721
627,0.0013005507824010165,NFG-2,CFRPlus,-6.644967425471141
628,0.0009872128920695167,NFG-2,CFRPlus,-6.920624845670791
629,0.0010719303607503172,NFG-2,CFRPlus,-6.838294180430292
630,0.001120378270735467,NFG-2,CFRPlus,-6.794088908968937
631,0.0011313066737618505,NFG-2,CFRPlus,-6.784381965852002
632,0.0011046171770904833,NFG-2,CFRPlus,-6.808256450110686
633,0.0010413269379207502,NFG-2,CFRPlus,-6.867259477253047
634,0.001137778482095203,NFG-2,CFRPlus,-6.778677617678199
635,0.0014767490963482621,NFG-2,CFRPlus,-6.517912163696357
636,0.001756574217243262,NFG-2,CFRPlus,-6.344389834237124
637,0.0019616524063842677,NFG-2,CFRPlus,-6.23396809643719
638,0.0020799286756009727,NFG-2,CFRPlus,-6.175421676433301
639,0.0021038307670743772,NFG-2,CFRPlus,-6.1639954212416646
640,0.002030988516080051,NFG-2,CFRPlus,-6.19923265071792
641,0.0018646105558341175,NFG-2,CFRPlus,-6.284703064938838
642,0.0019676099328708174,NFG-2,CFRPlus,-6.2309357048393155
643,0.002151004377991539,NFG-2,CFRPlus,-6.141820393370145
644,0.002228784836218134,NFG-2,CFRPlus,-6.10629875852517
645,0.0021948249890327565,NFG-2,CFRPlus,-6.121652967281687
646,0.002051815689728037,NFG-2,CFRPlus,-6.1890301755283
647,0.0018109354220600393,NFG-2,CFRPlus,-6.313911759435566
648,0.0019662126678575975,NFG-2,CFRPlus,-6.231646090239878
649,0.0020652264456761382,NFG-2,CFRPlus,-6.182515399658172
650,0.002070473223710706,NFG-2,CFRPlus,-6.179978087343991
651,0.001983266884387075,NFG-2,CFRPlus,-6.223009852324351
652,0.0018100267153150496,NFG-2,CFRPlus,-6.314413673970759
653,0.0015616329526983996,NFG-2,CFRPlus,-6.462023240646428
654,0.0012525305884967808,NFG-2,CFRPlus,-6.682589303349948
655,0.0009565644576500776,NFG-2,CFRPlus,-6.952162382279676
656,0.0010372496653604513,NFG-2,CFRPlus,-6.871182621373232
657,0.0010836303720968277,NFG-2,CFRPlus,-6.827438419263865
658,0.0010945357453165105,NFG-2,CFRPlus,-6.817424982497181
659,0.0010698684547498505,NFG-2,CFRPlus,-6.840219577552121
660,0.0010105696655807461,NFG-2,CFRPlus,-6.8972410818039975
661,0.0010669407759277272,NFG-2,CFRPlus,-6.842959813425367
662,0.0013928890212829836,NFG-2,CFRPlus,-6.576375256214637
663,0.0016648412640713484,NFG-2,CFRPlus,-6.398025496988665
664,0.0018680443475295738,NFG-2,CFRPlus,-6.282863198809768
665,0.0019909075398820697,NFG-2,CFRPlus,-6.219164694013024
666,0.002025862986428789,NFG-2,CFRPlus,-6.201759503068958
667,0.0019700441366612698,NFG-2,CFRPlus,-6.229699332086631
668,0.0018256700744359033,NFG-2,CFRPlus,-6.3058081952614495
669,0.0018600891478140202,NFG-2,CFRPlus,-6.287130863473313
670,0.002050338381588246,NFG-2,CFRPlus,-6.189750435264027
671,0.002143033287612922,NFG-2,CFRPlus,-6.145533029427518
672,0.0021310863656684165,NFG-2,CFRPlus,-6.151123398452077
673,0.0020154029030285125,NFG-2,CFRPlus,-6.20693615169601
674,0.0018048273439071338,NFG-2,CFRPlus,-6.31729034611754
675,0.001856104213681431,NFG-2,CFRPlus,-6.289275496581619
676,0.0019717537943224617,NFG-2,CFRPlus,-6.228831881345456
677,0.00199983090717068,NFG-2,CFRPlus,-6.214692648411101
678,0.001940249123872334,NFG-2,CFRPlus,-6.244938899784136
679,0.0017977153669533896,NFG-2,CFRPlus,-6.321238660829515
680,0.0015812291300477677,NFG-2,CFRPlus,-6.449552803964307
681,0.0013033243861690635,NFG-2,CFRPlus,-6.642837058508456
682,0.0009791687459981546,NFG-2,CFRPlus,-6.928806564609641
683,0.000984291379052149,NFG-2,CFRPlus,-6.923588587823068
684,0.0010389413816174753,NFG-2,CFRPlus,-6.869552986534108
685,0.001060225443424656,NFG-2,CFRPlus,-6.849273710995782
686,0.001047742687172254,NFG-2,CFRPlus,-6.861117250737491
687,0.0010020678049408038,NFG-2,CFRPlus,-6.905689609007347
688,0.0009247404095443779,NFG-2,CFRPlus,-6.985997498168557
689,0.001223509821395019,NFG-2,CFRPlus,-6.706031647819104
690,0.0015045056800687684,NFG-2,CFRPlus,-6.499290886514948
691,0.0017261932949832748,NFG-2,CFRPlus,-6.361836702450382
692,0.0018764817431452807,NFG-2,CFRPlus,-6.278356668642347
693,0.0019466671760527687,NFG-2,CFRPlus,-6.2416365091392025
694,0.0019321294185567772,NFG-2,CFRPlus,-6.249132558604698
695,0.001832805014131661,NFG-2,CFRPlus,-6.301907691051962
696,0.0016827961819794457,NFG-2,CFRPlus,-6.387298475100348
697,0.001903338037683583,NFG-2,CFRPlus,-6.264146072347773
698,0.0020374578805244237,NFG-2,CFRPlus,-6.19605238519818
699,0.002075318303302015,NFG-2,CFRPlus,-6.177640737882233
700,0.0020140459385385168,NFG-2,CFRPlus,-6.207609675343857
701,0.0018582280150707675,NFG-2,CFRPlus,-6.288131925414588
702,0.0016949810778088825,NFG-2,CFRPlus,-6.380083701746619
703,0.0018486284942925424,NFG-2,CFRPlus,-6.293311269267461
704,0.0019219322156372454,NFG-2,CFRPlus,-6.254424236674453
705,0.001912226578527021,NFG-2,CFRPlus,-6.259486967960188
706,0.0018213817554021128,NFG-2,CFRPlus,-6.3081598596798285
707,0.00165552053237919,NFG-2,CFRPlus,-6.403639798529457
708,0.0014244550272879686,NFG-2,CFRPlus,-6.553965975400099
709,0.0011409325537800885,NFG-2,CFRPlus,-6.77590932134796
710,0.0009074059711505211,NFG-2,CFRPlus,-7.004920610250749
711,0.0009785011651379794,NFG-2,CFRPlus,-6.929488580389987
712,0.0010186494646539646,NFG-2,CFRPlus,-6.88927758328113
713,0.0010268931189170993,NFG-2,CFRPlus,-6.881217424613034
714,0.0010032086968312925,NFG-2,CFRPlus,-6.90455171903299
715,0.0009484768751897021,NFG-2,CFRPlus,-6.960653149287359
716,0.0009681481342168896,NFG-2,CFRPlus,-6.940125451179984
717,0.0012668264417603214,NFG-2,CFRPlus,-6.671240370640832
718,0.0015191034144151905,NFG-2,CFRPlus,-6.48963497709655
719,0.0017119405711553126,NFG-2,CFRPlus,-6.3701277149753155
720,0.0018348966646609677,NFG-2,CFRPlus,-6.300767112597527
721,0.001880849522192557,NFG-2,CFRPlus,-6.276031730697688
722,0.00184658135159263,NFG-2,CFRPlus,-6.29441926745686
723,0.001733138952674268,NFG-2,CFRPlus,-6.357821091039249
724,0.0016832508774205501,NFG-2,CFRPlus,-6.387028309273284
725,0.0018758723788067921,NFG-2,CFRPlus,-6.278681459066727
726,0.0019843180212077427,NFG-2,CFRPlus,-6.222479990017547
727,0.002000753538891953,NFG-2,CFRPlus,-6.214231399936
728,0.001923935896223472,NFG-2,CFRPlus,-6.253382245264846
729,0.001759461413522595,NFG-2,CFRPlus,-6.342747531808215
730,0.0016637754197920684,NFG-2,CFRPlus,-6.398665909758856
731,0.0017985911893473316,NFG-2,CFRPlus,-6.320751593112931
732,0.0018570437226357317,NFG-2,CFRPlus,-6.2887694521199045
733,0.0018372454573537533,NFG-2,CFRPlus,-6.299487863083182
734,0.0017414743907734898,NFG-2,CFRPlus,-6.353023173535656
735,0.0015758809971227472,NFG-2,CFRPlus,-6.452940799837313
736,0.0013499505191193473,NFG-2,CFRPlus,-6.607687339707706
737,0.0010758030774468963,NFG-2,CFRPlus,-6.8346878475167525
738,0.0008886626927599173,NFG-2,CFRPlus,-7.025792817666762
739,0.0009540644117554675,NFG-2,CFRPlus,-6.954779371231813
740,0.000989948785517225,NFG-2,CFRPlus,-6.917857347974557
741,0.0009954933284091194,NFG-2,CFRPlus,-6.91227213623123
742,0.000970747365853869,NFG-2,CFRPlus,-6.937444302872667
743,0.0009166053572576549,NFG-2,CFRPlus,-6.994833541200183
744,0.0009399989059081237,NFG-2,CFRPlus,-6.96963184662843
745,0.0012244288220757682,NFG-2,CFRPlus,-6.70528081141528
746,0.0014650284113451872,NFG-2,CFRPlus,-6.5258806432914716
747,0.0016496210773133957,NFG-2,CFRPlus,-6.407209667556367
748,0.0017684296692463686,NFG-2,CFRPlus,-6.337663318700784
749,0.001814735421065583,NFG-2,CFRPlus,-6.3118155954089
750,0.0017854137910969237,NFG-2,CFRPlus,-6.3281050748750785
751,0.0016812685572736574,NFG-2,CFRPlus,-6.3882066768914525
752,0.0016150149437526018,NFG-2,CFRPlus,-6.42841106925274
753,0.0018038368698657659,NFG-2,CFRPlus,-6.317839288334142
754,0.0019137979016365936,NFG-2,CFRPlus,-6.258665581057902
755,0.0019371571613924499,NFG-2,CFRPlus,-6.246533761352821
756,0.001872200052105033,NFG-2,CFRPlus,-6.280641041195719
757,0.0017235409422324821,NFG-2,CFRPlus,-6.363374417005211
758,0.0015841976756832965,NFG-2,CFRPlus,-6.447677198121577
759,0.0017223849582240214,NFG-2,CFRPlus,-6.364045344985219
760,0.0017890719094398322,NFG-2,CFRPlus,-6.326058279936461
761,0.0017818992942027212,NFG-2,CFRPlus,-6.330075464323513
762,0.0017023769466515959,NFG-2,CFRPlus,-6.375729800584157
763,0.0015556583520887624,NFG-2,CFRPlus,-6.465856445400883
764,0.0013500841990046475,NFG-2,CFRPlus,-6.607588318843631
765,0.0010965642341737858,NFG-2,CFRPlus,-6.8155734107242925
766,0.0008477059878054805,NFG-2,CFRPlus,-7.072976694784581
767,0.0009158651376614535,NFG-2,CFRPlus,-6.995641433756723
768,0.0009562094996450055,NFG-2,CFRPlus,-6.952533527032868
769,0.0009677898166977894,NFG-2,CFRPlus,-6.940495625774704
770,0.000950483502014543,NFG-2,CFRPlus,-6.958539753351559
771,0.0009049636533512428,NFG-2,CFRPlus,-7.00761577711369
772,0.0008326929234614977,NFG-2,CFRPlus,-7.090845623063526
773,0.0011093673688576944,NFG-2,CFRPlus,-6.803965364100315
774,0.0013524452730882819,NFG-2,CFRPlus,-6.605841011582987
775,0.0015457796891172604,NFG-2,CFRPlus,-6.472226842776674
776,0.0016794879742700608,NFG-2,CFRPlus,-6.389266309241187
777,0.0017463447287407174,NFG-2,CFRPlus,-6.350230401911965
778,0.0017423133372801436,NFG-2,CFRPlus,-6.352541544579841
779,0.0016669157089686248,NFG-2,CFRPlus,-6.396780240997832
780,0.0015233797631014068,NFG-2,CFRPlus,-6.486823884148606
781,0.0016894358173918933,NFG-2,CFRPlus,-6.383360641645536
782,0.0018229803319644022,NFG-2,CFRPlus,-6.307282572172992
783,0.0018765976740429957,NFG-2,CFRPlus,-6.278294889561829
784,0.0018465121465557899,NFG-2,CFRPlus,-6.29445674554231
785,0.001734791054298468,NFG-2,CFRPlus,-6.3568683026347195
786,0.001549122750453713,NFG-2,CFRPlus,-6.470066475720232
787,0.001615830752704689,NFG-2,CFRPlus,-6.427906056605234
788,0.0017094675574854667,NFG-2,CFRPlus,-6.3715733268447785
789,0.0017337960742625502,NFG-2,CFRPlus,-6.357442011771224
790,0.001688627554725125,NFG-2,CFRPlus,-6.38383917777299
791,0.0015772722341119427,NFG-2,CFRPlus,-6.452058358054469
792,0.0014062125277096438,NFG-2,CFRPlus,-6.566855339328612
793,0.0011845974505802215,NFG-2,CFRPlus,-6.73835226625928
794,0.0009236292833083581,NFG-2,CFRPlus,-6.9871997753690085
795,0.0008612000137867837,NFG-2,CFRPlus,-7.05718377646526
796,0.0009131951428346663,NFG-2,CFRPlus,-6.998560962163486
797,0.000938141121954561,NFG-2,CFRPlus,-6.971610170429545
798,0.0009355405340103484,NFG-2,CFRPlus,-6.9743860844765
799,0.000905655109922604,NFG-2,CFRPlus,-7.006851997770407
800,0.0008494877178163718,NFG-2,CFRPlus,-7.070877075089389
801,0.000923996578939934,NFG-2,CFRPlus,-6.986802188775403
802,0.0011784392162099144,NFG-2,CFRPlus,-6.743564414169056
803,0.0013920936642859982,NFG-2,CFRPlus,-6.576946431771836
804,0.0015545207269000438,NFG-2,CFRPlus,-6.466587995070893
805,0.0016574183452698343,NFG-2,CFRPlus,-6.402494100906695
806,0.001695165052040315,NFG-2,CFRPlus,-6.3799751670554485
807,0.0016652540385250214,NFG-2,CFRPlus,-6.397777591497513
808,0.0015685561650151392,NFG-2,CFRPlus,-6.457599722868077
809,0.0015186039842618737,NFG-2,CFRPlus,-6.489963797547153
810,0.0016912014515398643,NFG-2,CFRPlus,-6.382316084558778
811,0.0017930358936705248,NFG-2,CFRPlus,-6.323845065780638
812,0.0018172535479516472,NFG-2,CFRPlus,-6.310428957227438
813,0.0017621506129941178,NFG-2,CFRPlus,-6.341220276690962
814,0.0016314523375350887,NFG-2,CFRPlus,-6.4182846562497025
815,0.0014611581713733501,NFG-2,CFRPlus,-6.528525889668768
816,0.0015956352868278512,NFG-2,CFRPlus,-6.4404833230936696
817,0.0016667136268210814,NFG-2,CFRPlus,-6.396901479520436
818,0.0016717771942268145,NFG-2,CFRPlus,-6.393868030240514
819,0.0016115462998555208,NFG-2,CFRPlus,-6.430561126215195
820,0.0014899289629480283,NFG-2,CFRPlus,-6.509026836035106
821,0.0013136739800121422,NFG-2,CFRPlus,-6.634927502328688
822,0.0010918765130487063,NFG-2,CFRPlus,-6.819857491342551
823,0.0008354015662294656,NFG-2,CFRPlus,-7.087598031077166
824,0.0008513428487599284,NFG-2,CFRPlus,-7.068695633015524
825,0.0008955675859770307,NFG-2,CFRPlus,-7.018052866416937
826,0.0009138320752987705,NFG-2,CFRPlus,-6.99786372844569
827,0.0009058259705320426,NFG-2,CFRPlus,-7.00666335587755
828,0.0008719477072299808,NFG-2,CFRPlus,-7.044781104626451
829,0.0008132913808790165,NFG-2,CFRPlus,-7.114421110561931
830,0.0009345943347440488,NFG-2,CFRPlus,-6.975397989406831
831,0.0011730433777188687,NFG-2,CFRPlus,-6.748153729842059
832,0.0013713307898019222,NFG-2,CFRPlus,-6.591973631208327
833,0.0015199022333227952,NFG-2,CFRPlus,-6.489109266374955
834,0.0016112631835954738,NFG-2,CFRPlus,-6.430736821528386
835,0.0016404680550090867,NFG-2,CFRPlus,-6.412773678468906
836,0.001605501894436756,NFG-2,CFRPlus,-6.434318864468565
837,0.0015075005322798818,NFG-2,CFRPlus,-6.497302276275181
838,0.0014890627975718551,NFG-2,CFRPlus,-6.509608351843281
839,0.001649557172160948,NFG-2,CFRPlus,-6.407248407598658
840,0.0017422356550295948,NFG-2,CFRPlus,-6.3525861312685254
841,0.0017609765072918449,NFG-2,CFRPlus,-6.34188679010683
842,0.001704475698375424,NFG-2,CFRPlus,-6.374497723821233
843,0.001576465193731058,NFG-2,CFRPlus,-6.452570157414413
844,0.001417410360913307,NFG-2,CFRPlus,-6.558923761812869
845,0.00154544716750446,NFG-2,CFRPlus,-6.47244198170339
846,0.0016133558719333418,NFG-2,CFRPlus,-6.429438876812672
847,0.001618675416220683,NFG-2,CFRPlus,-6.426147108499494
848,0.0015620469346996901,NFG-2,CFRPlus,-6.461758180192964
849,0.001447080142070456,NFG-2,CFRPlus,-6.538207447883443
850,0.001280038436599018,NFG-2,CFRPlus,-6.660865172908478
851,0.0010693879384706395,NFG-2,CFRPlus,-6.840668814295146
852,0.0008252691429242176,NFG-2,CFRPlus,-7.099800990984748
853,0.0008256853819542109,NFG-2,CFRPlus,-7.099296750519562
854,0.0008695746008723637,NFG-2,CFRPlus,-7.0475064304123
855,0.0008887209443949884,NFG-2,CFRPlus,-7.025727270045107
856,0.0008827894636840861,NFG-2,CFRPlus,-7.03242381876383
857,0.0008521144405685965,NFG-2,CFRPlus,-7.067789720238878
858,0.0007976852436743509,NFG-2,CFRPlus,-7.1337964698088
859,0.0008751273504621904,NFG-2,CFRPlus,-7.04114113881171
860,0.001107797218980855,NFG-2,CFRPlus,-6.805381722766638
861,0.0013036942319329392,NFG-2,CFRPlus,-6.642553327687518
862,0.0014536078045205292,NFG-2,CFRPlus,-6.5337066717989485
863,0.0015501775695055675,NFG-2,CFRPlus,-6.469385793641255
864,0.0015883533708634379,NFG-2,CFRPlus,-6.445057415179728
865,0.0015657646576778816,NFG-2,CFRPlus,-6.459380975160525
866,0.001482949625961405,NFG-2,CFRPlus,-6.513722184062456
867,0.0014086497936219577,NFG-2,CFRPlus,-6.565123626553232
868,0.0015744282038916424,NFG-2,CFRPlus,-6.453863117769549
869,0.001677397186262447,NFG-2,CFRPlus,-6.390511980855189
870,0.0017109488366415238,NFG-2,CFRPlus,-6.370707187124944
871,0.0016728408216220014,NFG-2,CFRPlus,-6.3932320069780655
872,0.0015655225300283404,NFG-2,CFRPlus,-6.4595356257150796
873,0.0013958727898757683,NFG-2,CFRPlus,-6.5742354035248916
874,0.0014699493141166753,NFG-2,CFRPlus,-6.522527358978685
875,0.001550983426092084,NFG-2,CFRPlus,-6.468866080794486
876,0.0015729481198459017,NFG-2,CFRPlus,-6.454803637111759
877,0.0015356229588467663,NFG-2,CFRPlus,-6.478819143890029
878,0.001441607565120434,NFG-2,CFRPlus,-6.541996423398918
879,0.0012960778092532266,NFG-2,CFRPlus,-6.64841264485023
880,0.0011064032157895587,NFG-2,CFRPlus,-6.806640871083641
881,0.0008816765747903799,NFG-2,CFRPlus,-7.033685264455628
882,0.0007853125845600772,NFG-2,CFRPlus,-7.14942872254939
883,0.0008351902845062098,NFG-2,CFRPlus,-7.0878509734392265
884,0.000861674597347678,NFG-2,CFRPlus,-7.0566328558470905
885,0.000864230040318853,NFG-2,CFRPlus,-7.053671574229515
886,0.0008429610749384198,NFG-2,CFRPlus,-7.078589775478765
887,0.0007985925079723177,NFG-2,CFRPlus,-7.132659744831304
888,0.0007527186790065588,NFG-2,CFRPlus,-7.1918190002272375
889,0.0009871608019685896,NFG-2,CFRPlus,-6.9206776118731534
890,0.0011905895226848318,NFG-2,CFRPlus,-6.7333066973132425
891,0.0013537558137320382,NFG-2,CFRPlus,-6.604872465119394
892,0.001468948544897014,NFG-2,CFRPlus,-6.523208409703381
893,0.0015304395336023513,NFG-2,CFRPlus,-6.482200307969609
894,0.0015348650807854858,NFG-2,CFRPlus,-6.479312797059746
895,0.001481497731359388,NFG-2,CFRPlus,-6.514701722265098
896,0.0013723689342081402,NFG-2,CFRPlus,-6.591216883342169
897,0.0014605509530801475,NFG-2,CFRPlus,-6.528941549322814
898,0.0015890945784591548,NFG-2,CFRPlus,-6.444590872456773
899,0.0016541001551186596,NFG-2,CFRPlus,-6.404498130937819
900,0.0016513993109726621,NFG-2,CFRPlus,-6.406132283219339
901,0.0015811134293994,NFG-2,CFRPlus,-6.449625977977713
902,0.001447682101349601,NFG-2,CFRPlus,-6.537791552388613
903,0.001361194245622338,NFG-2,CFRPlus,-6.599392842776419
904,0.0014683071780344226,NFG-2,CFRPlus,-6.523645121337154
905,0.0015205423524762562,NFG-2,CFRPlus,-6.488688196926159
906,0.0015161924102755908,NFG-2,CFRPlus,-6.491553080108727
907,0.0014562387853998826,NFG-2,CFRPlus,-6.531898341692872
908,0.0013442141920207151,NFG-2,CFRPlus,-6.6119456805160475
909,0.0011859176488992484,NFG-2,CFRPlus,-6.737238416821401
910,0.0009890212005428667,NFG-2,CFRPlus,-6.918794790228682
911,0.0007626165090347525,NFG-2,CFRPlus,-7.178755262421143
912,0.0007874561178330686,NFG-2,CFRPlus,-7.146702912203671
913,0.0008266434457766259,NFG-2,CFRPlus,-7.098137097654221
914,0.0008431750484215739,NFG-2,CFRPlus,-7.078335972145406
915,0.0008367845809763852,NFG-2,CFRPlus,-7.085943890998828
916,0.0008078010348953335,NFG-2,CFRPlus,-7.121194773707615
917,0.0007571360818686701,NFG-2,CFRPlus,-7.185967555994753
918,0.0008094479971997581,NFG-2,CFRPlus,-7.119158027552773
919,0.0010257888979744167,NFG-2,CFRPlus,-6.882293305865083
920,0.0012096462290497323,NFG-2,CFRPlus,-6.717427334808885
921,0.0013527153433351147,NFG-2,CFRPlus,-6.605641341185532
922,0.0014482653296400416,NFG-2,CFRPlus,-6.5373887631030865
923,0.0014915364152676691,NFG-2,CFRPlus,-6.5079485391096155
924,0.0014800656040078741,NFG-2,CFRPlus,-6.515668865156179
925,0.0014138996988852515,NFG-2,CFRPlus,-6.561403648334003
926,0.0012956642680956865,NFG-2,CFRPlus,-6.6487317670072255
927,0.0014573664269156295,NFG-2,CFRPlus,-6.531124289280223
928,0.0015659848443078384,NFG-2,CFRPlus,-6.459240359424701
929,0.001612704602987708,NFG-2,CFRPlus,-6.429842631769867
930,0.0015945593055597396,NFG-2,CFRPlus,-6.441157878377211
931,0.001512639106157676,NFG-2,CFRPlus,-6.493899401275012
932,0.00137199955414688,NFG-2,CFRPlus,-6.591486074644327
933,0.0013456005826635864,NFG-2,CFRPlus,-6.610914835731723
934,0.0014385074977166235,NFG-2,CFRPlus,-6.544149162809249
935,0.0014786889745234677,NFG-2,CFRPlus,-6.516599411808296
936,0.0014649965774168605,NFG-2,CFRPlus,-6.5259023727500605
937,0.0013987830913966826,NFG-2,CFRPlus,-6.572152640782998
938,0.0012837506427618162,NFG-2,CFRPlus,-6.65796929603083
939,0.001125668401467217,NFG-2,CFRPlus,-6.789378285116333
940,0.0009319975401398395,NFG-2,CFRPlus,-6.9781803826171025
941,0.0007181437476136698,NFG-2,CFRPlus,-7.238840803364445
942,0.0007741206834881997,NFG-2,CFRPlus,-7.163782774709711
943,0.0008091061651410714,NFG-2,CFRPlus,-7.119580419427846
944,0.0008223330041274013,NFG-2,CFRPlus,-7.103365130434602
945,0.0008136198814259477,NFG-2,CFRPlus,-7.114017277164245
946,0.0007833462397320301,NFG-2,CFRPlus,-7.1519357633762555
947,0.0007324416953425894,NFG-2,CFRPlus,-7.219126817042971
948,0.0008013061729813808,NFG-2,CFRPlus,-7.129267445501722
949,0.001007509951475305,NFG-2,CFRPlus,-6.900273386797373
950,0.001182288465514325,NFG-2,CFRPlus,-6.740303341114779
951,0.0013178704470784841,NFG-2,CFRPlus,-6.63173814281771
952,0.0014079783222351594,NFG-2,CFRPlus,-6.56560041750461
953,0.0014481937660785482,NFG-2,CFRPlus,-6.537438177618633
954,0.0014362553755142282,NFG-2,CFRPlus,-6.545715986065595
955,0.001372251699291921,NFG-2,CFRPlus,-6.591302312209722
956,0.0012587327235062395,NFG-2,CFRPlus,-6.677649839144867
957,0.0014165132631991095,NFG-2,CFRPlus,-6.559556875377773
958,0.0015216084977065503,NFG-2,CFRPlus,-6.4879872814709785
959,0.0015677262357832733,NFG-2,CFRPlus,-6.458128966823293
960,0.001551995958134711,NFG-2,CFRPlus,-6.468213461519147
961,0.0014753358384150816,NFG-2,CFRPlus,-6.518869628046047
962,0.0013423819207040444,NFG-2,CFRPlus,-6.613309690232337
963,0.0012991517227842753,NFG-2,CFRPlus,-6.646043748434261
964,0.0013918775320494736,NFG-2,CFRPlus,-6.577101700789879
965,0.001434550702092613,NFG-2,CFRPlus,-6.546903578383491
966,0.0014258912996872597,NFG-2,CFRPlus,-6.55295818732378
967,0.001366966281794807,NFG-2,CFRPlus,-6.5951613873859305
968,0.0012610614610976956,NFG-2,CFRPlus,-6.675801483220657
969,0.0011134310380769286,NFG-2,CFRPlus,-6.800309005760479
970,0.000930957686338052,NFG-2,CFRPlus,-6.979296731410676
971,0.0007217629078413168,NFG-2,CFRPlus,-7.233813855492036
972,0.0007492895066490424,NFG-2,CFRPlus,-7.196385124897271
973,0.0007857957430594253,NFG-2,CFRPlus,-7.148813668187975
974,0.0008015136136791667,NFG-2,CFRPlus,-7.129008600807302
975,0.0007961953080870832,NFG-2,CFRPlus,-7.135666040297758
976,0.0007701264657508089,NFG-2,CFRPlus,-7.168955815367843
977,0.0007241139745577385,NFG-2,CFRPlus,-7.2305617545460334
978,0.0007375286758111721,NFG-2,CFRPlus,-7.2122055880503755
979,0.0009408586551326592,NFG-2,CFRPlus,-6.9687176367464865
980,0.0011158689089708074,NFG-2,CFRPlus,-6.798121887002502
981,0.0012549670280458947,NFG-2,CFRPlus,-6.680645979216909
982,0.0013518851749302063,NFG-2,CFRPlus,-6.606255234753454
983,0.0014020279247626832,NFG-2,CFRPlus,-6.5698355727630435
984,0.0014027649699535072,NFG-2,CFRPlus,-6.5693100115287875
985,0.0013536346638656216,NFG-2,CFRPlus,-6.6049619607924415
986,0.0012564306644819168,NFG-2,CFRPlus,-6.679480383973999
987,0.0013425089155865433,NFG-2,CFRPlus,-6.613215090570499
988,0.0014580968867245192,NFG-2,CFRPlus,-6.530623195803412
989,0.001518704945282695,NFG-2,CFRPlus,-6.489897316972934
990,0.001520671791647138,NFG-2,CFRPlus,-6.488603073574217
991,0.001463825977208677,NFG-2,CFRPlus,-6.526701738535241
992,0.0013515402943307664,NFG-2,CFRPlus,-6.606510378167047
993,0.0012235996214600975,NFG-2,CFRPlus,-6.7059582550533
994,0.001327901925277486,NFG-2,CFRPlus,-6.624155082102723
995,0.0013853720631230304,NFG-2,CFRPlus,-6.581786537785506
996,0.0013940432946913939,NFG-2,CFRPlus,-6.575546909241304
997,0.0013541600929514452,NFG-2,CFRPlus,-6.604573874442029
998,0.0012681036856418137,NFG-2,CFRPlus,-6.670232655299276
999,0.001140197650636221,NFG-2,CFRPlus,-6.776553653852847
1000,0.0009764188533386287,NFG-2,CFRPlus,-6.931618910600108
